<?xml version="1.0" encoding="UTF-8"?><idempiere Name="2Pack_1.0.0" Version="1.0.0" idempiereVersion="" DataBaseVersion="" Description="" Author="" AuthorEmail="" CreatedDate="2023-03-06 16:46:24.587" UpdatedDate="2023-03-06 16:46:24.587" PackOutVersion="100" UpdateDictionary="false" Client="0-SYSTEM-System" AD_Client_UU="11237b53-9592-4af1-b3c5-afd216514b5d">
    <AD_Menu type="table">
        <Parent_ID reference="id">159</Parent_ID>
        <SeqNo>7</SeqNo>
        <AD_Client_ID>0</AD_Client_ID>
        <AD_Org_ID>0</AD_Org_ID>
        <Name>Generate Random Data for SO/PO</Name>
        <Description>Generate Random Data for Sales Order/Purchase Order</Description>
        <Action>P</Action>
        <AD_Window_ID reference="id"/>
        <AD_Workflow_ID reference="id"/>
        <AD_Task_ID reference="id"/>
        <AD_Org_ID reference="id">0</AD_Org_ID>
        <IsActive>Y</IsActive>
        <IsSummary>N</IsSummary>
        <AD_Process_ID reference="uuid" reference-key="AD_Process">d9f83970-4922-4fe4-87c1-7c9dff3b72e5</AD_Process_ID>
        <IsSOTrx>Y</IsSOTrx>
        <AD_Form_ID reference="id"/>
        <IsReadOnly>N</IsReadOnly>
        <EntityType>U</EntityType>
        <IsCentrallyMaintained>Y</IsCentrallyMaintained>
        <AD_Menu_UU>1833bdec-8ee4-4571-8e9d-93a0ba7ea3c2</AD_Menu_UU>
        <AD_InfoWindow_ID reference="id"/>
        <PredefinedContextVariables/>
        <AD_Process type="table">
            <AD_Client_ID>0</AD_Client_ID>
            <AD_Org_ID>0</AD_Org_ID>
            <AD_Org_ID reference="id">0</AD_Org_ID>
            <IsActive>Y</IsActive>
            <Name>Generate Random Data for SO/PO</Name>
            <Description>Generate Random Data for Sales Order/Purchase Order</Description>
            <Help>This process generates random Sales or Purchase Orders based on the defined parameters.</Help>
            <ProcedureName/>
            <IsReport>N</IsReport>
            <Value>GenerateRandomData</Value>
            <IsDirectPrint>N</IsDirectPrint>
            <AD_ReportView_ID reference="id"/>
            <Classname>org.cloudempiere.process.GenerateRandomDataCOrder</Classname>
            <AccessLevel>3</AccessLevel>
            <EntityType>U</EntityType>
            <Statistic_Count>2</Statistic_Count>
            <Statistic_Seconds>15</Statistic_Seconds>
            <AD_PrintFormat_ID reference="id"/>
            <WorkflowValue/>
            <AD_Workflow_ID reference="id"/>
            <IsBetaFunctionality>N</IsBetaFunctionality>
            <ShowHelp>Y</ShowHelp>
            <JasperReport/>
            <AD_Form_ID reference="id"/>
            <CopyFromProcess/>
            <AD_Process_UU>d9f83970-4922-4fe4-87c1-7c9dff3b72e5</AD_Process_UU>
            <AD_CtxHelp_ID reference="id"/>
            <ExecutionType/>
            <AllowMultipleExecution>P</AllowMultipleExecution>
            <FileNamePattern/>
            <AD_Process_Para type="table">
                <AD_Client_ID>0</AD_Client_ID>
                <AD_Org_ID>0</AD_Org_ID>
                <AD_Org_ID reference="id">0</AD_Org_ID>
                <IsActive>Y</IsActive>
                <Name>Price List Version</Name>
                <Description>Identifies a unique instance of a Price List</Description>
                <Help>Each Price List can have multiple versions.  The most common use is to indicate the dates that a Price List is valid for.</Help>
                <AD_Process_ID reference="uuid" reference-key="AD_Process">d9f83970-4922-4fe4-87c1-7c9dff3b72e5</AD_Process_ID>
                <SeqNo>40</SeqNo>
                <AD_Reference_ID reference="id">19</AD_Reference_ID>
                <AD_Reference_Value_ID reference="id"/>
                <IsRange>N</IsRange>
                <AD_Val_Rule_ID reference="id"/>
                <FieldLength>0</FieldLength>
                <IsMandatory>N</IsMandatory>
                <DefaultValue/>
                <VFormat/>
                <ValueMin/>
                <ValueMax/>
                <ColumnName>M_PriceList_Version_ID</ColumnName>
                <DefaultValue2/>
                <IsCentrallyMaintained>Y</IsCentrallyMaintained>
                <EntityType>U</EntityType>
                <AD_Element_ID reference="id">450</AD_Element_ID>
                <ReadOnlyLogic/>
                <DisplayLogic/>
                <AD_Process_Para_UU>36c8902d-84cd-4fcb-a8eb-afcc4d4d5c1e</AD_Process_Para_UU>
                <IsEncrypted>N</IsEncrypted>
                <MandatoryLogic/>
                <Query/>
                <AD_FieldGroup_ID reference="id"/>
                <Placeholder/>
                <Placeholder2/>
                <IsAutocomplete>N</IsAutocomplete>
                <DateRangeOption>D</DateRangeOption>
                <IsShowNegateButton>N</IsShowNegateButton>
            </AD_Process_Para>
            <AD_Process_Para type="table">
                <AD_Client_ID>0</AD_Client_ID>
                <AD_Org_ID>0</AD_Org_ID>
                <AD_Org_ID reference="id">0</AD_Org_ID>
                <IsActive>Y</IsActive>
                <Name>Product Category</Name>
                <Description>Category of a Product</Description>
                <Help>Identifies the category which this product belongs to.  Product categories are used for pricing and selection.</Help>
                <AD_Process_ID reference="uuid" reference-key="AD_Process">d9f83970-4922-4fe4-87c1-7c9dff3b72e5</AD_Process_ID>
                <SeqNo>50</SeqNo>
                <AD_Reference_ID reference="id">19</AD_Reference_ID>
                <AD_Reference_Value_ID reference="id"/>
                <IsRange>N</IsRange>
                <AD_Val_Rule_ID reference="id"/>
                <FieldLength>10</FieldLength>
                <IsMandatory>N</IsMandatory>
                <DefaultValue/>
                <VFormat/>
                <ValueMin/>
                <ValueMax/>
                <ColumnName>M_Product_Category_ID</ColumnName>
                <DefaultValue2/>
                <IsCentrallyMaintained>Y</IsCentrallyMaintained>
                <EntityType>U</EntityType>
                <AD_Element_ID reference="id">453</AD_Element_ID>
                <ReadOnlyLogic/>
                <DisplayLogic/>
                <AD_Process_Para_UU>bbce9c2c-aa1b-431b-a622-bf9fcd0d9bca</AD_Process_Para_UU>
                <IsEncrypted>N</IsEncrypted>
                <MandatoryLogic/>
                <Query/>
                <AD_FieldGroup_ID reference="id"/>
                <Placeholder/>
                <Placeholder2/>
                <IsAutocomplete>N</IsAutocomplete>
                <DateRangeOption>D</DateRangeOption>
                <IsShowNegateButton>N</IsShowNegateButton>
            </AD_Process_Para>
            <AD_Process_Para type="table">
                <AD_Client_ID>0</AD_Client_ID>
                <AD_Org_ID>0</AD_Org_ID>
                <AD_Org_ID reference="id">0</AD_Org_ID>
                <IsActive>Y</IsActive>
                <Name>Transaction Date</Name>
                <Description>Transaction Date</Description>
                <Help>The Transaction Date indicates the date of the transaction.</Help>
                <AD_Process_ID reference="uuid" reference-key="AD_Process">d9f83970-4922-4fe4-87c1-7c9dff3b72e5</AD_Process_ID>
                <SeqNo>70</SeqNo>
                <AD_Reference_ID reference="id">15</AD_Reference_ID>
                <AD_Reference_Value_ID reference="id"/>
                <IsRange>Y</IsRange>
                <AD_Val_Rule_ID reference="id"/>
                <FieldLength>0</FieldLength>
                <IsMandatory>N</IsMandatory>
                <DefaultValue/>
                <VFormat/>
                <ValueMin/>
                <ValueMax/>
                <ColumnName>DateTrx</ColumnName>
                <DefaultValue2/>
                <IsCentrallyMaintained>Y</IsCentrallyMaintained>
                <EntityType>U</EntityType>
                <AD_Element_ID reference="id">1297</AD_Element_ID>
                <ReadOnlyLogic/>
                <DisplayLogic/>
                <AD_Process_Para_UU>3836db3f-e7b5-444d-8e89-bf6de69e907e</AD_Process_Para_UU>
                <IsEncrypted>N</IsEncrypted>
                <MandatoryLogic/>
                <Query/>
                <AD_FieldGroup_ID reference="id"/>
                <Placeholder/>
                <Placeholder2/>
                <IsAutocomplete>N</IsAutocomplete>
                <DateRangeOption>D</DateRangeOption>
                <IsShowNegateButton>N</IsShowNegateButton>
            </AD_Process_Para>
            <AD_Element type="table">
                <AD_Client_ID>0</AD_Client_ID>
                <AD_Org_ID>0</AD_Org_ID>
                <AD_Org_ID reference="id">0</AD_Org_ID>
                <IsActive>Y</IsActive>
                <ColumnName>GenMaxNoOfDocument</ColumnName>
                <Name>Max No of Documents</Name>
                <Description/>
                <Help/>
                <PrintName>Max No of Documents</PrintName>
                <PO_Description/>
                <PO_Help/>
                <PO_Name/>
                <PO_PrintName/>
                <EntityType>U</EntityType>
                <AD_Element_UU>2a10d1a5-d821-4c05-958e-5619d77f9755</AD_Element_UU>
                <Placeholder/>
            </AD_Element>
            <AD_Process_Para type="table">
                <AD_Client_ID>0</AD_Client_ID>
                <AD_Org_ID>0</AD_Org_ID>
                <AD_Org_ID reference="id">0</AD_Org_ID>
                <IsActive>Y</IsActive>
                <Name>Max No of Documents</Name>
                <Description/>
                <Help/>
                <AD_Process_ID reference="uuid" reference-key="AD_Process">d9f83970-4922-4fe4-87c1-7c9dff3b72e5</AD_Process_ID>
                <SeqNo>80</SeqNo>
                <AD_Reference_ID reference="id">11</AD_Reference_ID>
                <AD_Reference_Value_ID reference="id"/>
                <IsRange>N</IsRange>
                <AD_Val_Rule_ID reference="id"/>
                <FieldLength>0</FieldLength>
                <IsMandatory>N</IsMandatory>
                <DefaultValue/>
                <VFormat/>
                <ValueMin/>
                <ValueMax/>
                <ColumnName>GenMaxNoOfDocument</ColumnName>
                <DefaultValue2/>
                <IsCentrallyMaintained>Y</IsCentrallyMaintained>
                <EntityType>U</EntityType>
                <AD_Element_ID reference="uuid" reference-key="AD_Element">2a10d1a5-d821-4c05-958e-5619d77f9755</AD_Element_ID>
                <ReadOnlyLogic/>
                <DisplayLogic/>
                <AD_Process_Para_UU>bd031abd-29c5-4346-a459-fbcf791c219a</AD_Process_Para_UU>
                <IsEncrypted>N</IsEncrypted>
                <MandatoryLogic/>
                <Query/>
                <AD_FieldGroup_ID reference="id"/>
                <Placeholder/>
                <Placeholder2/>
                <IsAutocomplete>N</IsAutocomplete>
                <DateRangeOption>D</DateRangeOption>
                <IsShowNegateButton>N</IsShowNegateButton>
            </AD_Process_Para>
            <AD_Process_Para type="table">
                <AD_Client_ID>0</AD_Client_ID>
                <AD_Org_ID>0</AD_Org_ID>
                <AD_Org_ID reference="id">0</AD_Org_ID>
                <IsActive>Y</IsActive>
                <Name>Max Value</Name>
                <Description/>
                <Help/>
                <AD_Process_ID reference="uuid" reference-key="AD_Process">d9f83970-4922-4fe4-87c1-7c9dff3b72e5</AD_Process_ID>
                <SeqNo>90</SeqNo>
                <AD_Reference_ID reference="id">11</AD_Reference_ID>
                <AD_Reference_Value_ID reference="id"/>
                <IsRange>N</IsRange>
                <AD_Val_Rule_ID reference="id"/>
                <FieldLength>10</FieldLength>
                <IsMandatory>N</IsMandatory>
                <DefaultValue/>
                <VFormat/>
                <ValueMin/>
                <ValueMax/>
                <ColumnName>MaxValue</ColumnName>
                <DefaultValue2/>
                <IsCentrallyMaintained>Y</IsCentrallyMaintained>
                <EntityType>U</EntityType>
                <AD_Element_ID reference="id">53399</AD_Element_ID>
                <ReadOnlyLogic/>
                <DisplayLogic/>
                <AD_Process_Para_UU>6be39912-e864-43cb-bc58-2c21e30c1d43</AD_Process_Para_UU>
                <IsEncrypted>N</IsEncrypted>
                <MandatoryLogic/>
                <Query/>
                <AD_FieldGroup_ID reference="id"/>
                <Placeholder/>
                <Placeholder2/>
                <IsAutocomplete>N</IsAutocomplete>
                <DateRangeOption>D</DateRangeOption>
                <IsShowNegateButton>N</IsShowNegateButton>
            </AD_Process_Para>
            <AD_Element type="table">
                <AD_Client_ID>0</AD_Client_ID>
                <AD_Org_ID>0</AD_Org_ID>
                <AD_Org_ID reference="id">0</AD_Org_ID>
                <IsActive>Y</IsActive>
                <ColumnName>IsUseProductWithQtyAvailable</ColumnName>
                <Name>Products with Qty Available</Name>
                <Description/>
                <Help/>
                <PrintName>Products with Qty Available</PrintName>
                <PO_Description/>
                <PO_Help/>
                <PO_Name/>
                <PO_PrintName/>
                <EntityType>U</EntityType>
                <AD_Element_UU>1a1b74d8-fe42-4a1a-b89b-948e5d376357</AD_Element_UU>
                <Placeholder/>
            </AD_Element>
            <AD_Process_Para type="table">
                <AD_Client_ID>0</AD_Client_ID>
                <AD_Org_ID>0</AD_Org_ID>
                <AD_Org_ID reference="id">0</AD_Org_ID>
                <IsActive>Y</IsActive>
                <Name>Products with Qty Available</Name>
                <Description/>
                <Help/>
                <AD_Process_ID reference="uuid" reference-key="AD_Process">d9f83970-4922-4fe4-87c1-7c9dff3b72e5</AD_Process_ID>
                <SeqNo>100</SeqNo>
                <AD_Reference_ID reference="id">20</AD_Reference_ID>
                <AD_Reference_Value_ID reference="id"/>
                <IsRange>N</IsRange>
                <AD_Val_Rule_ID reference="id"/>
                <FieldLength>0</FieldLength>
                <IsMandatory>N</IsMandatory>
                <DefaultValue/>
                <VFormat/>
                <ValueMin/>
                <ValueMax/>
                <ColumnName>isUseProductWithQtyAvailable</ColumnName>
                <DefaultValue2/>
                <IsCentrallyMaintained>Y</IsCentrallyMaintained>
                <EntityType>U</EntityType>
                <AD_Element_ID reference="uuid" reference-key="AD_Element">1a1b74d8-fe42-4a1a-b89b-948e5d376357</AD_Element_ID>
                <ReadOnlyLogic/>
                <DisplayLogic/>
                <AD_Process_Para_UU>ab64e3cf-2937-403a-8bcd-cccc1e743913</AD_Process_Para_UU>
                <IsEncrypted>N</IsEncrypted>
                <MandatoryLogic/>
                <Query/>
                <AD_FieldGroup_ID reference="id"/>
                <Placeholder/>
                <Placeholder2/>
                <IsAutocomplete>N</IsAutocomplete>
                <DateRangeOption>D</DateRangeOption>
                <IsShowNegateButton>N</IsShowNegateButton>
            </AD_Process_Para>
            <AD_Element type="table">
                <AD_Client_ID>0</AD_Client_ID>
                <AD_Org_ID>0</AD_Org_ID>
                <AD_Org_ID reference="id">0</AD_Org_ID>
                <IsActive>Y</IsActive>
                <ColumnName>GenMaxNoOfDocumentLines</ColumnName>
                <Name>Max No of Documents Lines</Name>
                <Description/>
                <Help/>
                <PrintName>Max No of Documents Lines</PrintName>
                <PO_Description/>
                <PO_Help/>
                <PO_Name/>
                <PO_PrintName/>
                <EntityType>U</EntityType>
                <AD_Element_UU>084e54fb-b058-446b-9da5-17da7315fbcb</AD_Element_UU>
                <Placeholder/>
            </AD_Element>
            <AD_Process_Para type="table">
                <AD_Client_ID>0</AD_Client_ID>
                <AD_Org_ID>0</AD_Org_ID>
                <AD_Org_ID reference="id">0</AD_Org_ID>
                <IsActive>Y</IsActive>
                <Name>Max No of Documents Lines</Name>
                <Description/>
                <Help/>
                <AD_Process_ID reference="uuid" reference-key="AD_Process">d9f83970-4922-4fe4-87c1-7c9dff3b72e5</AD_Process_ID>
                <SeqNo>110</SeqNo>
                <AD_Reference_ID reference="id">11</AD_Reference_ID>
                <AD_Reference_Value_ID reference="id"/>
                <IsRange>N</IsRange>
                <AD_Val_Rule_ID reference="id"/>
                <FieldLength>0</FieldLength>
                <IsMandatory>N</IsMandatory>
                <DefaultValue/>
                <VFormat/>
                <ValueMin/>
                <ValueMax/>
                <ColumnName>GenMaxNoOfDocumentLines</ColumnName>
                <DefaultValue2/>
                <IsCentrallyMaintained>Y</IsCentrallyMaintained>
                <EntityType>U</EntityType>
                <AD_Element_ID reference="uuid" reference-key="AD_Element">084e54fb-b058-446b-9da5-17da7315fbcb</AD_Element_ID>
                <ReadOnlyLogic/>
                <DisplayLogic/>
                <AD_Process_Para_UU>a1585764-e3d5-4419-88be-60984549ca96</AD_Process_Para_UU>
                <IsEncrypted>N</IsEncrypted>
                <MandatoryLogic/>
                <Query/>
                <AD_FieldGroup_ID reference="id"/>
                <Placeholder/>
                <Placeholder2/>
                <IsAutocomplete>N</IsAutocomplete>
                <DateRangeOption>D</DateRangeOption>
                <IsShowNegateButton>N</IsShowNegateButton>
            </AD_Process_Para>
            <AD_Process_Para type="table">
                <AD_Client_ID>0</AD_Client_ID>
                <AD_Org_ID>0</AD_Org_ID>
                <AD_Org_ID reference="id">0</AD_Org_ID>
                <IsActive>Y</IsActive>
                <Name>Sales Rep</Name>
                <Description>Sales Representative or Company Agent</Description>
                <Help>The Sales Representative indicates the Sales Rep for this Region.  Any Sales Rep must be a valid internal user.</Help>
                <AD_Process_ID reference="uuid" reference-key="AD_Process">d9f83970-4922-4fe4-87c1-7c9dff3b72e5</AD_Process_ID>
                <SeqNo>60</SeqNo>
                <AD_Reference_ID reference="id">18</AD_Reference_ID>
                <AD_Reference_Value_ID reference="id">190</AD_Reference_Value_ID>
                <IsRange>N</IsRange>
                <AD_Val_Rule_ID reference="id"/>
                <FieldLength>0</FieldLength>
                <IsMandatory>N</IsMandatory>
                <DefaultValue/>
                <VFormat/>
                <ValueMin/>
                <ValueMax/>
                <ColumnName>SalesRep_ID</ColumnName>
                <DefaultValue2/>
                <IsCentrallyMaintained>Y</IsCentrallyMaintained>
                <EntityType>U</EntityType>
                <AD_Element_ID reference="id">1063</AD_Element_ID>
                <ReadOnlyLogic/>
                <DisplayLogic/>
                <AD_Process_Para_UU>7453b07b-41d9-4b19-9a82-99aa0f807272</AD_Process_Para_UU>
                <IsEncrypted>N</IsEncrypted>
                <MandatoryLogic/>
                <Query/>
                <AD_FieldGroup_ID reference="id"/>
                <Placeholder/>
                <Placeholder2/>
                <IsAutocomplete>N</IsAutocomplete>
                <DateRangeOption>D</DateRangeOption>
                <IsShowNegateButton>N</IsShowNegateButton>
            </AD_Process_Para>
            <AD_Process_Para type="table">
                <AD_Client_ID>0</AD_Client_ID>
                <AD_Org_ID>0</AD_Org_ID>
                <AD_Org_ID reference="id">0</AD_Org_ID>
                <IsActive>Y</IsActive>
                <Name>Organization</Name>
                <Description>Organizational entity within tenant</Description>
                <Help>An organization is a unit of your tenant or legal entity - examples are store, department. You can share data between organizations.</Help>
                <AD_Process_ID reference="uuid" reference-key="AD_Process">d9f83970-4922-4fe4-87c1-7c9dff3b72e5</AD_Process_ID>
                <SeqNo>10</SeqNo>
                <AD_Reference_ID reference="id">19</AD_Reference_ID>
                <AD_Reference_Value_ID reference="id"/>
                <IsRange>N</IsRange>
                <AD_Val_Rule_ID reference="id">130</AD_Val_Rule_ID>
                <FieldLength>0</FieldLength>
                <IsMandatory>Y</IsMandatory>
                <DefaultValue/>
                <VFormat/>
                <ValueMin/>
                <ValueMax/>
                <ColumnName>AD_Org_ID</ColumnName>
                <DefaultValue2/>
                <IsCentrallyMaintained>Y</IsCentrallyMaintained>
                <EntityType>U</EntityType>
                <AD_Element_ID reference="id">113</AD_Element_ID>
                <ReadOnlyLogic/>
                <DisplayLogic/>
                <AD_Process_Para_UU>64ec1fee-2f8f-494c-8e87-550e001713fb</AD_Process_Para_UU>
                <IsEncrypted>N</IsEncrypted>
                <MandatoryLogic/>
                <Query/>
                <AD_FieldGroup_ID reference="id"/>
                <Placeholder/>
                <Placeholder2/>
                <IsAutocomplete>N</IsAutocomplete>
                <DateRangeOption>D</DateRangeOption>
                <IsShowNegateButton>N</IsShowNegateButton>
            </AD_Process_Para>
            <AD_Process_Para type="table">
                <AD_Client_ID>0</AD_Client_ID>
                <AD_Org_ID>0</AD_Org_ID>
                <AD_Org_ID reference="id">0</AD_Org_ID>
                <IsActive>Y</IsActive>
                <Name>Sales Transaction</Name>
                <Description>This is a Sales Transaction</Description>
                <Help>The Sales Transaction checkbox indicates if this item is a Sales Transaction.</Help>
                <AD_Process_ID reference="uuid" reference-key="AD_Process">d9f83970-4922-4fe4-87c1-7c9dff3b72e5</AD_Process_ID>
                <SeqNo>25</SeqNo>
                <AD_Reference_ID reference="id">20</AD_Reference_ID>
                <AD_Reference_Value_ID reference="id"/>
                <IsRange>N</IsRange>
                <AD_Val_Rule_ID reference="id"/>
                <FieldLength>0</FieldLength>
                <IsMandatory>N</IsMandatory>
                <DefaultValue>Y</DefaultValue>
                <VFormat/>
                <ValueMin/>
                <ValueMax/>
                <ColumnName>IsSOTrx</ColumnName>
                <DefaultValue2/>
                <IsCentrallyMaintained>Y</IsCentrallyMaintained>
                <EntityType>U</EntityType>
                <AD_Element_ID reference="id">1106</AD_Element_ID>
                <ReadOnlyLogic/>
                <DisplayLogic/>
                <AD_Process_Para_UU>babd71ff-8ed4-47f3-a7b6-7457d7987343</AD_Process_Para_UU>
                <IsEncrypted>N</IsEncrypted>
                <MandatoryLogic/>
                <Query/>
                <AD_FieldGroup_ID reference="id"/>
                <Placeholder/>
                <Placeholder2/>
                <IsAutocomplete>N</IsAutocomplete>
                <DateRangeOption>D</DateRangeOption>
                <IsShowNegateButton>N</IsShowNegateButton>
            </AD_Process_Para>
            <AD_Process_Para type="table">
                <AD_Client_ID>0</AD_Client_ID>
                <AD_Org_ID>0</AD_Org_ID>
                <AD_Org_ID reference="id">0</AD_Org_ID>
                <IsActive>Y</IsActive>
                <Name>Target Document Type</Name>
                <Description>Target document type for conversing documents</Description>
                <Help>You can convert document types (e.g. from Offer to Order or Invoice).  The conversion is then reflected in the current type.  This processing is initiated by selecting the appropriate Document Action.</Help>
                <AD_Process_ID reference="uuid" reference-key="AD_Process">d9f83970-4922-4fe4-87c1-7c9dff3b72e5</AD_Process_ID>
                <SeqNo>30</SeqNo>
                <AD_Reference_ID reference="id">19</AD_Reference_ID>
                <AD_Reference_Value_ID reference="id"/>
                <IsRange>N</IsRange>
                <AD_Val_Rule_ID reference="id">133</AD_Val_Rule_ID>
                <FieldLength>0</FieldLength>
                <IsMandatory>Y</IsMandatory>
                <DefaultValue/>
                <VFormat/>
                <ValueMin/>
                <ValueMax/>
                <ColumnName>C_DocTypeTarget_ID</ColumnName>
                <DefaultValue2/>
                <IsCentrallyMaintained>Y</IsCentrallyMaintained>
                <EntityType>U</EntityType>
                <AD_Element_ID reference="id">197</AD_Element_ID>
                <ReadOnlyLogic/>
                <DisplayLogic/>
                <AD_Process_Para_UU>4680ad41-4d3d-415d-8417-2f00ca3fcd1f</AD_Process_Para_UU>
                <IsEncrypted>N</IsEncrypted>
                <MandatoryLogic/>
                <Query/>
                <AD_FieldGroup_ID reference="id"/>
                <Placeholder/>
                <Placeholder2/>
                <IsAutocomplete>N</IsAutocomplete>
                <DateRangeOption>D</DateRangeOption>
                <IsShowNegateButton>N</IsShowNegateButton>
            </AD_Process_Para>
            <AD_Process_Para type="table">
                <AD_Client_ID>0</AD_Client_ID>
                <AD_Org_ID>0</AD_Org_ID>
                <AD_Org_ID reference="id">0</AD_Org_ID>
                <IsActive>Y</IsActive>
                <Name>Warehouse</Name>
                <Description>Storage Warehouse and Service Point</Description>
                <Help>The Warehouse identifies a unique Warehouse where products are stored or Services are provided.</Help>
                <AD_Process_ID reference="uuid" reference-key="AD_Process">d9f83970-4922-4fe4-87c1-7c9dff3b72e5</AD_Process_ID>
                <SeqNo>20</SeqNo>
                <AD_Reference_ID reference="id">19</AD_Reference_ID>
                <AD_Reference_Value_ID reference="id"/>
                <IsRange>N</IsRange>
                <AD_Val_Rule_ID reference="id">189</AD_Val_Rule_ID>
                <FieldLength>0</FieldLength>
                <IsMandatory>Y</IsMandatory>
                <DefaultValue/>
                <VFormat/>
                <ValueMin/>
                <ValueMax/>
                <ColumnName>M_Warehouse_ID</ColumnName>
                <DefaultValue2/>
                <IsCentrallyMaintained>Y</IsCentrallyMaintained>
                <EntityType>U</EntityType>
                <AD_Element_ID reference="id">459</AD_Element_ID>
                <ReadOnlyLogic/>
                <DisplayLogic/>
                <AD_Process_Para_UU>87b385d7-c676-4072-96d8-853db445242a</AD_Process_Para_UU>
                <IsEncrypted>N</IsEncrypted>
                <MandatoryLogic/>
                <Query/>
                <AD_FieldGroup_ID reference="id"/>
                <Placeholder/>
                <Placeholder2/>
                <IsAutocomplete>N</IsAutocomplete>
                <DateRangeOption>D</DateRangeOption>
                <IsShowNegateButton>N</IsShowNegateButton>
            </AD_Process_Para>
        </AD_Process>
    </AD_Menu>
</idempiere>
