<?xml version="1.0" encoding="UTF-8"?><idempiere Name="AD_Process_Para" Version="1.0.0" idempiereVersion="12.0.0.qualifier" DataBaseVersion="2023-12-24" Description="" Author="SuperUser" AuthorEmail="superuser @ idempiere.com" CreatedDate="Tue Jan 23 10:26:53 CET 2024" UpdatedDate="Tue Jan 23 10:26:53 CET 2024" PackOutVersion="100" UpdateDictionary="false" Client="0-SYSTEM-System" AD_Client_UU="11237b53-9592-4af1-b3c5-afd216514b5d">
    <AD_Process_Para type="table">
        <AD_Client_ID>0</AD_Client_ID>
        <AD_Org_ID>0</AD_Org_ID>
        <IsActive>Y</IsActive>
        <Name>Payment Rule</Name>
        <Description>How you pay the invoice</Description>
        <Help>The Payment Rule indicates the method of invoice payment.</Help>
        <AD_Process_ID reference="uuid" reference-key="AD_Process">d9f83970-4922-4fe4-87c1-7c9dff3b72e5</AD_Process_ID>
        <SeqNo>45</SeqNo>
        <AD_Reference_ID reference="id">17</AD_Reference_ID>
        <AD_Reference_Value_ID reference="id">195</AD_Reference_Value_ID>
        <IsRange>N</IsRange>
        <AD_Val_Rule_ID reference="id">52033</AD_Val_Rule_ID>
        <FieldLength>1</FieldLength>
        <IsMandatory>N</IsMandatory>
        <DefaultValue/>
        <VFormat/>
        <ValueMin/>
        <ValueMax/>
        <ColumnName>PaymentRule</ColumnName>
        <DefaultValue2/>
        <IsCentrallyMaintained>Y</IsCentrallyMaintained>
        <EntityType>U</EntityType>
        <AD_Element_ID reference="id">1143</AD_Element_ID>
        <ReadOnlyLogic/>
        <DisplayLogic/>
        <AD_Process_Para_UU>fb79c239-261d-4279-976a-377577270a40</AD_Process_Para_UU>
        <IsEncrypted>N</IsEncrypted>
        <MandatoryLogic/>
        <Query/>
        <AD_FieldGroup_ID reference="id"/>
        <Placeholder/>
        <Placeholder2/>
        <IsAutocomplete>N</IsAutocomplete>
        <DateRangeOption>D</DateRangeOption>
        <IsShowNegateButton>N</IsShowNegateButton>
        <AD_Process_Para_Trl type="translation">
            <Description>Como se pagará la factura</Description>
            <Help>La Regla de Pagos indica el método de pago de la factura</Help>
            <Name>Regla de Pago</Name>
            <Placeholder/>
            <Placeholder2/>
            <AD_Language>es_CO</AD_Language>
            <IsActive>Y</IsActive>
            <IsTranslated>Y</IsTranslated>
        </AD_Process_Para_Trl>
    </AD_Process_Para>
</idempiere>
