<?xml version="1.0" encoding="UTF-8"?><idempiere Name="GenerateTestDataCOrder" Version="1.0" idempiereVersion="" DataBaseVersion="" Description="The process Generate Test Data for SO/PO generates random Sales or Purchase Orders based on the defined parameters." Author="" AuthorEmail="" CreatedDate="2023-03-06 09:25:47.14" UpdatedDate="2023-03-06 09:27:00.738" PackOutVersion="100" UpdateDictionary="false" Client="0-SYSTEM-System" AD_Client_UU="11237b53-9592-4af1-b3c5-afd216514b5d">
    <AD_Element type="table">
        <AD_Element_ID>203790</AD_Element_ID>
        <AD_Client_ID>0</AD_Client_ID>
        <AD_Org_ID>0</AD_Org_ID>
        <AD_Element_ID>203790</AD_Element_ID>
        <AD_Org_ID reference="id">0</AD_Org_ID>
        <IsActive>Y</IsActive>
        <ColumnName>GenMaxNoOfDocumentLines</ColumnName>
        <Name>Max No of Documents Lines</Name>
        <Description/>
        <Help/>
        <PrintName>Max No of Documents Lines</PrintName>
        <PO_Description/>
        <PO_Help/>
        <PO_Name/>
        <PO_PrintName/>
        <EntityType>U</EntityType>
        <AD_Element_UU>084e54fb-b058-446b-9da5-17da7315fbcb</AD_Element_UU>
        <Placeholder/>
        <AD_Element_Trl type="translation">
            <Description/>
            <Help/>
            <Name>Max No of Documents Lines</Name>
            <PO_Description/>
            <PO_Help/>
            <PO_Name/>
            <PO_PrintName/>
            <Placeholder/>
            <PrintName>Max No of Documents Lines</PrintName>
            <AD_Language>es_CO</AD_Language>
            <IsActive>Y</IsActive>
            <IsTranslated>N</IsTranslated>
        </AD_Element_Trl>
    </AD_Element>
</idempiere>
