<?xml version="1.0" encoding="UTF-8"?><?xml-stylesheet type="text/css" href="idempiereDocument.css"?><idempiereDocument>
    <header>GenerateTestDataCOrder Package Description</header>
    <H1>Package Name:</H1>
    <packagename>GenerateTestDataCOrder</packagename>
    <H1>Author:</H1>
    <Name:/>
    <H1>Email Address:</H1>
    <Email/>
    <H1>Created:</H1>
    <Date>2023-03-06 09:25:47.14</Date>
    <H1>Updated:</H1>
    <Date>2023-03-06 09:27:00.738</Date>
    <H1>Description:</H1>
    <description>The process Generate Test Data for SO/PO generates random Sales or Purchase Orders based on the defined parameters.</description>
    <H1>Instructions:</H1>
    <instructions/>
    <H1>Files in Package:</H1>
    <file>File: PackOut.xml</file>
    <filedirectory>Directory: \dict\</filedirectory>
    <filenotes>Notes: Contains all application/object settings for package</filenotes>
    <H1>Client:</H1>
    <Client>0-SYSTEM-System</Client>
</idempiereDocument>
